CSCI 107,Joy and Beauty of Computing,33930,62,0,62,Paxton John T
CSCI 112,Programming with C I,31368,175,0,175,Cummings Mary A
CSCI 127,Joy and Beauty of Data,33832,155,0,155,DeFrance Daniel Louis
CSCI 132,Bsc Data Structures/Algorithms,30271,156,0,156,DeFrance Daniel Louis
CSCI 215CS,Social & Ethical Issues in CS,33931,60,0,60,Cummings Mary A
CSCI 232,Data Structures and Algorithms,31508,128,0,128,Lloyd Hunter S
CSCI 246,Discrete Structures,33580,84,0,84,Zhu Binhai
CSCI 291,Sp:Technology Ethics & Society,35142,6,0,6,Cummings Mary A
CSCI 305,Concepts/Programming Languages,30279,144,0,144,Lloyd Hunter S
CSCI 338,Computer Science Theory,30278,140,0,140,Zhu Binhai
CSCI 347,Data Mining,34852,75,0,75,Neeley Veronika
CSCI 351,Systems Administration,31801,70,0,70,Dowdle Lee Scott
CSCI 366,Computer Systems,34889,60,0,60,Wittie Mike
CSCI 441,Computer Graphics,35118,65,0,65,Millman David
CSCI 446,Artificial Intelligence,35119,63,0,63,Sheppard John W
CSCI 455,Embedded Systems: Robotics,35117,84,0,84,Lloyd Hunter S
CSCI 468,Compilers,31511,80,0,80,Kahanda Indika M
CSCI 476,Computer Security,34310,120,0,120,Peters Travis William
CSCI 483R,Interdisciplinary Project,33219,25,0,25,Izurieta Clemente Ignacio
